-5,0,OfyQq6rgTqErgcuZML4xXvU5ueA=,ot066efT9W2vnDbvlMaQXIZMsDg=
-4,0,OfyQq6rgTqErgcuZML4xXvU5ueA=,icauuLn53CyprgPuG+h70p7mLzc=
-4,1,OfyQq6rgTqErgcuZML4xXvU5ueA=,ConxFVHsgEJxoKhg+IFF5vyB918=
-3,1,OfyQq6rgTqErgcuZML4xXvU5ueA=,hd5MHS4n8fWJ9ymeVCJpsu1bGJc=
-3,0,OfyQq6rgTqErgcuZML4xXvU5ueA=,d2gOQqVDEo6Fc5dRnd9Bk38MYjo=
-2,0,OfyQq6rgTqErgcuZML4xXvU5ueA=,d2gOQqVDEo6Fc5dRnd9Bk38MYjo=
-2,1,OfyQq6rgTqErgcuZML4xXvU5ueA=,XWdxVrl2BZResISYCYQbIat06Rs=
-1,1,Ytkmxu3Gb0w6P+ebGxc7dv32MBs=,Dy/nc2jykmtl7b4YuTJoZZf0lko=
-1,0,Ytkmxu3Gb0w6P+ebGxc7dv32MBs=,AQCZqIulNBVN+P0K2fmFnHWcfWg=
-1,2,OfyQq6rgTqErgcuZML4xXvU5ueA=,hd5MHS4n8fWJ9ymeVCJpsu1bGJc=
