0,0,OfyQq6rgTqErgcuZML4xXvU5ueA=,9LHJDFnVYc6xDuN6Whx3sHrZl6o=
0,1,OfyQq6rgTqErgcuZML4xXvU5ueA=,9LHJDFnVYc6xDuN6Whx3sHrZl6o=
0,2,OfyQq6rgTqErgcuZML4xXvU5ueA=,9LHJDFnVYc6xDuN6Whx3sHrZl6o=
1,1,OfyQq6rgTqErgcuZML4xXvU5ueA=,ot066efT9W2vnDbvlMaQXIZMsDg=
1,0,OfyQq6rgTqErgcuZML4xXvU5ueA=,9LHJDFnVYc6xDuN6Whx3sHrZl6o=
2,0,OfyQq6rgTqErgcuZML4xXvU5ueA=,9LHJDFnVYc6xDuN6Whx3sHrZl6o=
2,1,OfyQq6rgTqErgcuZML4xXvU5ueA=,ot066efT9W2vnDbvlMaQXIZMsDg=
3,1,OfyQq6rgTqErgcuZML4xXvU5ueA=,ot066efT9W2vnDbvlMaQXIZMsDg=
3,0,OfyQq6rgTqErgcuZML4xXvU5ueA=,9LHJDFnVYc6xDuN6Whx3sHrZl6o=
4,0,OfyQq6rgTqErgcuZML4xXvU5ueA=,9LHJDFnVYc6xDuN6Whx3sHrZl6o=
4,1,OfyQq6rgTqErgcuZML4xXvU5ueA=,ot066efT9W2vnDbvlMaQXIZMsDg=
5,1,OfyQq6rgTqErgcuZML4xXvU5ueA=,ConxFVHsgEJxoKhg+IFF5vyB918=
5,0,OfyQq6rgTqErgcuZML4xXvU5ueA=,J2xkwYm4bRL30JRdEFYMkD3qtNI=
6,0,OfyQq6rgTqErgcuZML4xXvU5ueA=,d2gOQqVDEo6Fc5dRnd9Bk38MYjo=
6,1,OfyQq6rgTqErgcuZML4xXvU5ueA=,hd5MHS4n8fWJ9ymeVCJpsu1bGJc=
7,0,OfyQq6rgTqErgcuZML4xXvU5ueA=,d2gOQqVDEo6Fc5dRnd9Bk38MYjo=
8,0,OfyQq6rgTqErgcuZML4xXvU5ueA=,d2gOQqVDEo6Fc5dRnd9Bk38MYjo=
9,0,OfyQq6rgTqErgcuZML4xXvU5ueA=,hd5MHS4n8fWJ9ymeVCJpsu1bGJc=
