8,-1,OfyQq6rgTqErgcuZML4xXvU5ueA=,ot066efT9W2vnDbvlMaQXIZMsDg=
7,-1,OfyQq6rgTqErgcuZML4xXvU5ueA=,ot066efT9W2vnDbvlMaQXIZMsDg=
6,-1,OfyQq6rgTqErgcuZML4xXvU5ueA=,ot066efT9W2vnDbvlMaQXIZMsDg=
5,-1,OfyQq6rgTqErgcuZML4xXvU5ueA=,ot066efT9W2vnDbvlMaQXIZMsDg=
4,-1,OfyQq6rgTqErgcuZML4xXvU5ueA=,ot066efT9W2vnDbvlMaQXIZMsDg=
3,-1,OfyQq6rgTqErgcuZML4xXvU5ueA=,hd5MHS4n8fWJ9ymeVCJpsu1bGJc=
2,-1,OfyQq6rgTqErgcuZML4xXvU5ueA=,wuNdxq63JkYf8SgBOtp3DRNDk0A=
1,-1,OfyQq6rgTqErgcuZML4xXvU5ueA=,hd5MHS4n8fWJ9ymeVCJpsu1bGJc=
0,-3,OfyQq6rgTqErgcuZML4xXvU5ueA=,XWdxVrl2BZResISYCYQbIat06Rs=
0,-2,OfyQq6rgTqErgcuZML4xXvU5ueA=,d2gOQqVDEo6Fc5dRnd9Bk38MYjo=
0,-1,OfyQq6rgTqErgcuZML4xXvU5ueA=,d2gOQqVDEo6Fc5dRnd9Bk38MYjo=
9,-1,OfyQq6rgTqErgcuZML4xXvU5ueA=,wuNdxq63JkYf8SgBOtp3DRNDk0A=
