-6,-7,ff2Szfyg6m6/ZWNWbMDemCA15SU=,BsGDOM6EEFkzQ8NCicLTguPZ0ws=
-4,-7,ff2Szfyg6m6/ZWNWbMDemCA15SU=,bSI7hxSF2cZ2dvwWUpkpTUwAY8c=
-7,-7,ff2Szfyg6m6/ZWNWbMDemCA15SU=,uaz8ZEvtxOk7UTIxkgMBOK1vkyY=
-7,-6,ff2Szfyg6m6/ZWNWbMDemCA15SU=,uaz8ZEvtxOk7UTIxkgMBOK1vkyY=
-5,-7,ff2Szfyg6m6/ZWNWbMDemCA15SU=,BsGDOM6EEFkzQ8NCicLTguPZ0ws=
-6,-6,ff2Szfyg6m6/ZWNWbMDemCA15SU=,27PsfcdM4rBx9u+VHHh1gRz3jpI=
-5,-6,ff2Szfyg6m6/ZWNWbMDemCA15SU=,27PsfcdM4rBx9u+VHHh1gRz3jpI=
-4,-6,ff2Szfyg6m6/ZWNWbMDemCA15SU=,6iteeG2yFJ1pO9UXhdiIxGdZG9w=
-2,-6,LnlnPXRYP+XuXdwDn5LqwWteAl0=,6iteeG2yFJ1pO9UXhdiIxGdZG9w=
-2,-7,LnlnPXRYP+XuXdwDn5LqwWteAl0=,bSI7hxSF2cZ2dvwWUpkpTUwAY8c=
-3,-7,LnlnPXRYP+XuXdwDn5LqwWteAl0=,bSI7hxSF2cZ2dvwWUpkpTUwAY8c=
-3,-6,LnlnPXRYP+XuXdwDn5LqwWteAl0=,6iteeG2yFJ1pO9UXhdiIxGdZG9w=
-3,-4,LnlnPXRYP+XuXdwDn5LqwWteAl0=,1JInZVA1qS0dhMSqQvb4Ps0+9Jo=
-3,-5,LnlnPXRYP+XuXdwDn5LqwWteAl0=,6iteeG2yFJ1pO9UXhdiIxGdZG9w=
-2,-4,LnlnPXRYP+XuXdwDn5LqwWteAl0=,1JInZVA1qS0dhMSqQvb4Ps0+9Jo=
-2,-5,LnlnPXRYP+XuXdwDn5LqwWteAl0=,6iteeG2yFJ1pO9UXhdiIxGdZG9w=
-5,-4,LnlnPXRYP+XuXdwDn5LqwWteAl0=,27PsfcdM4rBx9u+VHHh1gRz3jpI=
-5,-5,LnlnPXRYP+XuXdwDn5LqwWteAl0=,27PsfcdM4rBx9u+VHHh1gRz3jpI=
-4,-5,LnlnPXRYP+XuXdwDn5LqwWteAl0=,6iteeG2yFJ1pO9UXhdiIxGdZG9w=
-4,-4,LnlnPXRYP+XuXdwDn5LqwWteAl0=,1JInZVA1qS0dhMSqQvb4Ps0+9Jo=
-2,-3,LnlnPXRYP+XuXdwDn5LqwWteAl0=,1JInZVA1qS0dhMSqQvb4Ps0+9Jo=
-4,-2,ovTngMjYaCTdxYLENo7ZuV/+4Qo=,Zn0C2YPb9dlAq3tOyxcm90JsFAQ=
-2,-2,ovTngMjYaCTdxYLENo7ZuV/+4Qo=,TuhcGBxS6uXPj0bsFzmX6bjPuuo=
-3,-2,ovTngMjYaCTdxYLENo7ZuV/+4Qo=,Zn0C2YPb9dlAq3tOyxcm90JsFAQ=
-3,-3,LnlnPXRYP+XuXdwDn5LqwWteAl0=,1JInZVA1qS0dhMSqQvb4Ps0+9Jo=
-4,-3,LnlnPXRYP+XuXdwDn5LqwWteAl0=,1JInZVA1qS0dhMSqQvb4Ps0+9Jo=
-5,-2,LnlnPXRYP+XuXdwDn5LqwWteAl0=,0RQredcwBJOXec5OpOe+Ld8Ir5I=
-5,-3,LnlnPXRYP+XuXdwDn5LqwWteAl0=,27PsfcdM4rBx9u+VHHh1gRz3jpI=
-9,-5,LnlnPXRYP+XuXdwDn5LqwWteAl0=,/ur+1VFxh6MC3jaShYICBj0BOrc=
-9,-4,LnlnPXRYP+XuXdwDn5LqwWteAl0=,/ur+1VFxh6MC3jaShYICBj0BOrc=
-6,-4,LnlnPXRYP+XuXdwDn5LqwWteAl0=,27PsfcdM4rBx9u+VHHh1gRz3jpI=
-7,-5,LnlnPXRYP+XuXdwDn5LqwWteAl0=,uaz8ZEvtxOk7UTIxkgMBOK1vkyY=
-7,-4,LnlnPXRYP+XuXdwDn5LqwWteAl0=,cwSrtZUz6tlhHgYvv75d79MVAFw=
-8,-5,LnlnPXRYP+XuXdwDn5LqwWteAl0=,uaz8ZEvtxOk7UTIxkgMBOK1vkyY=
-6,-5,LnlnPXRYP+XuXdwDn5LqwWteAl0=,27PsfcdM4rBx9u+VHHh1gRz3jpI=
-6,-2,LnlnPXRYP+XuXdwDn5LqwWteAl0=,0RQredcwBJOXec5OpOe+Ld8Ir5I=
-9,-3,LnlnPXRYP+XuXdwDn5LqwWteAl0=,/ur+1VFxh6MC3jaShYICBj0BOrc=
-7,-3,LnlnPXRYP+XuXdwDn5LqwWteAl0=,cwSrtZUz6tlhHgYvv75d79MVAFw=
-9,-2,LnlnPXRYP+XuXdwDn5LqwWteAl0=,0RQredcwBJOXec5OpOe+Ld8Ir5I=
-6,-3,LnlnPXRYP+XuXdwDn5LqwWteAl0=,27PsfcdM4rBx9u+VHHh1gRz3jpI=
-7,-2,LnlnPXRYP+XuXdwDn5LqwWteAl0=,0RQredcwBJOXec5OpOe+Ld8Ir5I=
-8,-2,LnlnPXRYP+XuXdwDn5LqwWteAl0=,0RQredcwBJOXec5OpOe+Ld8Ir5I=
-8,-4,LnlnPXRYP+XuXdwDn5LqwWteAl0=,cwSrtZUz6tlhHgYvv75d79MVAFw=
-8,-3,LnlnPXRYP+XuXdwDn5LqwWteAl0=,cwSrtZUz6tlhHgYvv75d79MVAFw=
-10,-3,LnlnPXRYP+XuXdwDn5LqwWteAl0=,/ur+1VFxh6MC3jaShYICBj0BOrc=
-11,-2,LnlnPXRYP+XuXdwDn5LqwWteAl0=,0RQredcwBJOXec5OpOe+Ld8Ir5I=
-10,-2,LnlnPXRYP+XuXdwDn5LqwWteAl0=,0RQredcwBJOXec5OpOe+Ld8Ir5I=
-11,-1,LnlnPXRYP+XuXdwDn5LqwWteAl0=,0RQredcwBJOXec5OpOe+Ld8Ir5I=
-10,-1,LnlnPXRYP+XuXdwDn5LqwWteAl0=,0RQredcwBJOXec5OpOe+Ld8Ir5I=
-8,-1,LnlnPXRYP+XuXdwDn5LqwWteAl0=,0RQredcwBJOXec5OpOe+Ld8Ir5I=
-9,-1,LnlnPXRYP+XuXdwDn5LqwWteAl0=,0RQredcwBJOXec5OpOe+Ld8Ir5I=
-16,-1,zQ9203gLvsfb4yEXDaXLNNhSNO8=,0RQredcwBJOXec5OpOe+Ld8Ir5I=
-12,-2,zQ9203gLvsfb4yEXDaXLNNhSNO8=,0RQredcwBJOXec5OpOe+Ld8Ir5I=
-14,-2,zQ9203gLvsfb4yEXDaXLNNhSNO8=,0RQredcwBJOXec5OpOe+Ld8Ir5I=
-13,-2,zQ9203gLvsfb4yEXDaXLNNhSNO8=,0RQredcwBJOXec5OpOe+Ld8Ir5I=
-15,-2,zQ9203gLvsfb4yEXDaXLNNhSNO8=,0RQredcwBJOXec5OpOe+Ld8Ir5I=
-7,-1,zQ9203gLvsfb4yEXDaXLNNhSNO8=,0RQredcwBJOXec5OpOe+Ld8Ir5I=
-4,-1,ovTngMjYaCTdxYLENo7ZuV/+4Qo=,Zn0C2YPb9dlAq3tOyxcm90JsFAQ=
-6,-1,zQ9203gLvsfb4yEXDaXLNNhSNO8=,0RQredcwBJOXec5OpOe+Ld8Ir5I=
-1,-2,ovTngMjYaCTdxYLENo7ZuV/+4Qo=,TuhcGBxS6uXPj0bsFzmX6bjPuuo=
-5,-1,zQ9203gLvsfb4yEXDaXLNNhSNO8=,0RQredcwBJOXec5OpOe+Ld8Ir5I=
-2,-1,ovTngMjYaCTdxYLENo7ZuV/+4Qo=,TuhcGBxS6uXPj0bsFzmX6bjPuuo=
-15,-1,zQ9203gLvsfb4yEXDaXLNNhSNO8=,0RQredcwBJOXec5OpOe+Ld8Ir5I=
-13,-1,zQ9203gLvsfb4yEXDaXLNNhSNO8=,0RQredcwBJOXec5OpOe+Ld8Ir5I=
-14,-1,zQ9203gLvsfb4yEXDaXLNNhSNO8=,0RQredcwBJOXec5OpOe+Ld8Ir5I=
-12,-1,zQ9203gLvsfb4yEXDaXLNNhSNO8=,0RQredcwBJOXec5OpOe+Ld8Ir5I=
-3,-1,ovTngMjYaCTdxYLENo7ZuV/+4Qo=,Zn0C2YPb9dlAq3tOyxcm90JsFAQ=
-1,-12,zQ9203gLvsfb4yEXDaXLNNhSNO8=,zwI7aAxHPD+oQgEZ/4SiSKcczcc=
-2,-12,zQ9203gLvsfb4yEXDaXLNNhSNO8=,zwI7aAxHPD+oQgEZ/4SiSKcczcc=
-3,-12,zQ9203gLvsfb4yEXDaXLNNhSNO8=,miVs/rUfl+x9bdqtlV63WSNw8yQ=
-4,-12,zQ9203gLvsfb4yEXDaXLNNhSNO8=,miVs/rUfl+x9bdqtlV63WSNw8yQ=
-16,-2,zQ9203gLvsfb4yEXDaXLNNhSNO8=,0RQredcwBJOXec5OpOe+Ld8Ir5I=
-10,-4,zQ9203gLvsfb4yEXDaXLNNhSNO8=,/ur+1VFxh6MC3jaShYICBj0BOrc=
-10,-5,zQ9203gLvsfb4yEXDaXLNNhSNO8=,/ur+1VFxh6MC3jaShYICBj0BOrc=
-8,-7,zQ9203gLvsfb4yEXDaXLNNhSNO8=,uaz8ZEvtxOk7UTIxkgMBOK1vkyY=
-10,-6,zQ9203gLvsfb4yEXDaXLNNhSNO8=,/ur+1VFxh6MC3jaShYICBj0BOrc=
-7,-8,zQ9203gLvsfb4yEXDaXLNNhSNO8=,uaz8ZEvtxOk7UTIxkgMBOK1vkyY=
-8,-8,zQ9203gLvsfb4yEXDaXLNNhSNO8=,uaz8ZEvtxOk7UTIxkgMBOK1vkyY=
-1,-3,zQ9203gLvsfb4yEXDaXLNNhSNO8=,1JInZVA1qS0dhMSqQvb4Ps0+9Jo=
-6,-8,zQ9203gLvsfb4yEXDaXLNNhSNO8=,BsGDOM6EEFkzQ8NCicLTguPZ0ws=
-9,-6,zQ9203gLvsfb4yEXDaXLNNhSNO8=,/ur+1VFxh6MC3jaShYICBj0BOrc=
-1,-4,zQ9203gLvsfb4yEXDaXLNNhSNO8=,1JInZVA1qS0dhMSqQvb4Ps0+9Jo=
-8,-6,zQ9203gLvsfb4yEXDaXLNNhSNO8=,uaz8ZEvtxOk7UTIxkgMBOK1vkyY=
-1,-6,zQ9203gLvsfb4yEXDaXLNNhSNO8=,6iteeG2yFJ1pO9UXhdiIxGdZG9w=
-1,-7,zQ9203gLvsfb4yEXDaXLNNhSNO8=,bSI7hxSF2cZ2dvwWUpkpTUwAY8c=
-1,-1,ovTngMjYaCTdxYLENo7ZuV/+4Qo=,TuhcGBxS6uXPj0bsFzmX6bjPuuo=
-1,-5,zQ9203gLvsfb4yEXDaXLNNhSNO8=,6iteeG2yFJ1pO9UXhdiIxGdZG9w=
-5,-8,zQ9203gLvsfb4yEXDaXLNNhSNO8=,BsGDOM6EEFkzQ8NCicLTguPZ0ws=
-4,-10,zQ9203gLvsfb4yEXDaXLNNhSNO8=,LkqBMfpnInM7KN7tXgymiCkxWGw=
-4,-9,zQ9203gLvsfb4yEXDaXLNNhSNO8=,LkqBMfpnInM7KN7tXgymiCkxWGw=
-4,-8,zQ9203gLvsfb4yEXDaXLNNhSNO8=,bSI7hxSF2cZ2dvwWUpkpTUwAY8c=
-4,-11,zQ9203gLvsfb4yEXDaXLNNhSNO8=,miVs/rUfl+x9bdqtlV63WSNw8yQ=
-2,-11,zQ9203gLvsfb4yEXDaXLNNhSNO8=,zwI7aAxHPD+oQgEZ/4SiSKcczcc=
-3,-11,zQ9203gLvsfb4yEXDaXLNNhSNO8=,miVs/rUfl+x9bdqtlV63WSNw8yQ=
-1,-11,zQ9203gLvsfb4yEXDaXLNNhSNO8=,zwI7aAxHPD+oQgEZ/4SiSKcczcc=
-3,-10,zQ9203gLvsfb4yEXDaXLNNhSNO8=,LkqBMfpnInM7KN7tXgymiCkxWGw=
-2,-10,zQ9203gLvsfb4yEXDaXLNNhSNO8=,LkqBMfpnInM7KN7tXgymiCkxWGw=
-3,-9,zQ9203gLvsfb4yEXDaXLNNhSNO8=,LkqBMfpnInM7KN7tXgymiCkxWGw=
-1,-10,zQ9203gLvsfb4yEXDaXLNNhSNO8=,LkqBMfpnInM7KN7tXgymiCkxWGw=
-1,-9,zQ9203gLvsfb4yEXDaXLNNhSNO8=,LkqBMfpnInM7KN7tXgymiCkxWGw=
-2,-8,zQ9203gLvsfb4yEXDaXLNNhSNO8=,bSI7hxSF2cZ2dvwWUpkpTUwAY8c=
-3,-8,zQ9203gLvsfb4yEXDaXLNNhSNO8=,bSI7hxSF2cZ2dvwWUpkpTUwAY8c=
-2,-9,zQ9203gLvsfb4yEXDaXLNNhSNO8=,LkqBMfpnInM7KN7tXgymiCkxWGw=
-1,-8,zQ9203gLvsfb4yEXDaXLNNhSNO8=,bSI7hxSF2cZ2dvwWUpkpTUwAY8c=
-17,-2,+/wTwp4ekIl5zFLLGky8STVNGgQ=,0RQredcwBJOXec5OpOe+Ld8Ir5I=
-18,-1,+/wTwp4ekIl5zFLLGky8STVNGgQ=,0RQredcwBJOXec5OpOe+Ld8Ir5I=
-18,-2,+/wTwp4ekIl5zFLLGky8STVNGgQ=,0RQredcwBJOXec5OpOe+Ld8Ir5I=
-17,-1,+/wTwp4ekIl5zFLLGky8STVNGgQ=,0RQredcwBJOXec5OpOe+Ld8Ir5I=
