-18,3,+/wTwp4ekIl5zFLLGky8STVNGgQ=,0RQredcwBJOXec5OpOe+Ld8Ir5I=
-17,3,+/wTwp4ekIl5zFLLGky8STVNGgQ=,0RQredcwBJOXec5OpOe+Ld8Ir5I=
-18,2,+/wTwp4ekIl5zFLLGky8STVNGgQ=,0RQredcwBJOXec5OpOe+Ld8Ir5I=
-18,0,+/wTwp4ekIl5zFLLGky8STVNGgQ=,0RQredcwBJOXec5OpOe+Ld8Ir5I=
-18,1,+/wTwp4ekIl5zFLLGky8STVNGgQ=,0RQredcwBJOXec5OpOe+Ld8Ir5I=
-17,2,+/wTwp4ekIl5zFLLGky8STVNGgQ=,0RQredcwBJOXec5OpOe+Ld8Ir5I=
-17,0,+/wTwp4ekIl5zFLLGky8STVNGgQ=,0RQredcwBJOXec5OpOe+Ld8Ir5I=
-17,1,+/wTwp4ekIl5zFLLGky8STVNGgQ=,0RQredcwBJOXec5OpOe+Ld8Ir5I=
-2,6,+/wTwp4ekIl5zFLLGky8STVNGgQ=,Kh/suTLjyzfBFrAhp3M4T8YnxGU=
-3,5,+/wTwp4ekIl5zFLLGky8STVNGgQ=,YD+2U9n1U99vIulsVNFsEXLcUOQ=
-3,6,+/wTwp4ekIl5zFLLGky8STVNGgQ=,ktQFp2MvIKrliRjKUkokV5BYxKY=
-2,5,Ytkmxu3Gb0w6P+ebGxc7dv32MBs=,OEhhwgdB9fp+Fndk5PEzw1WfUi4=
-3,4,+/wTwp4ekIl5zFLLGky8STVNGgQ=,YD+2U9n1U99vIulsVNFsEXLcUOQ=
-2,3,Ytkmxu3Gb0w6P+ebGxc7dv32MBs=,JecIOzWS+IYowYhZRZ4Bgt0pxrs=
-3,3,Ytkmxu3Gb0w6P+ebGxc7dv32MBs=,mRIGqA7nspwIGAHlyyEiumq9jo4=
-2,4,Ytkmxu3Gb0w6P+ebGxc7dv32MBs=,OEhhwgdB9fp+Fndk5PEzw1WfUi4=
-3,1,Ytkmxu3Gb0w6P+ebGxc7dv32MBs=,mRIGqA7nspwIGAHlyyEiumq9jo4=
-3,2,Ytkmxu3Gb0w6P+ebGxc7dv32MBs=,mRIGqA7nspwIGAHlyyEiumq9jo4=
-2,2,Ytkmxu3Gb0w6P+ebGxc7dv32MBs=,JecIOzWS+IYowYhZRZ4Bgt0pxrs=
-2,1,Ytkmxu3Gb0w6P+ebGxc7dv32MBs=,FJNaBiNK3Yd+BHWfLBPk/7o1CxQ=
-5,2,+/wTwp4ekIl5zFLLGky8STVNGgQ=,0RQredcwBJOXec5OpOe+Ld8Ir5I=
-5,4,+/wTwp4ekIl5zFLLGky8STVNGgQ=,bQO6IKM3u6XyFVIBagt13I0/dno=
-4,1,Ytkmxu3Gb0w6P+ebGxc7dv32MBs=,mRIGqA7nspwIGAHlyyEiumq9jo4=
-5,3,+/wTwp4ekIl5zFLLGky8STVNGgQ=,0RQredcwBJOXec5OpOe+Ld8Ir5I=
-5,1,+/wTwp4ekIl5zFLLGky8STVNGgQ=,0RQredcwBJOXec5OpOe+Ld8Ir5I=
-4,4,+/wTwp4ekIl5zFLLGky8STVNGgQ=,YD+2U9n1U99vIulsVNFsEXLcUOQ=
-4,2,Ytkmxu3Gb0w6P+ebGxc7dv32MBs=,mRIGqA7nspwIGAHlyyEiumq9jo4=
-4,3,Ytkmxu3Gb0w6P+ebGxc7dv32MBs=,mRIGqA7nspwIGAHlyyEiumq9jo4=
-6,4,+/wTwp4ekIl5zFLLGky8STVNGgQ=,bQO6IKM3u6XyFVIBagt13I0/dno=
-6,3,+/wTwp4ekIl5zFLLGky8STVNGgQ=,0RQredcwBJOXec5OpOe+Ld8Ir5I=
-7,4,+/wTwp4ekIl5zFLLGky8STVNGgQ=,sKXIxYBeKeU2ZSmL1n+UzWXqWII=
-7,3,+/wTwp4ekIl5zFLLGky8STVNGgQ=,0RQredcwBJOXec5OpOe+Ld8Ir5I=
-9,4,+/wTwp4ekIl5zFLLGky8STVNGgQ=,Fs7/I8G6gczcSziUNza5emGwm38=
-9,3,+/wTwp4ekIl5zFLLGky8STVNGgQ=,0RQredcwBJOXec5OpOe+Ld8Ir5I=
-6,2,+/wTwp4ekIl5zFLLGky8STVNGgQ=,0RQredcwBJOXec5OpOe+Ld8Ir5I=
-8,4,+/wTwp4ekIl5zFLLGky8STVNGgQ=,sKXIxYBeKeU2ZSmL1n+UzWXqWII=
-8,3,+/wTwp4ekIl5zFLLGky8STVNGgQ=,0RQredcwBJOXec5OpOe+Ld8Ir5I=
-7,1,Znu4gmPz00kQUClZJGvB2iFAw4Y=,0RQredcwBJOXec5OpOe+Ld8Ir5I=
-7,2,Znu4gmPz00kQUClZJGvB2iFAw4Y=,0RQredcwBJOXec5OpOe+Ld8Ir5I=
-6,1,Znu4gmPz00kQUClZJGvB2iFAw4Y=,0RQredcwBJOXec5OpOe+Ld8Ir5I=
-8,2,Znu4gmPz00kQUClZJGvB2iFAw4Y=,0RQredcwBJOXec5OpOe+Ld8Ir5I=
-9,2,Znu4gmPz00kQUClZJGvB2iFAw4Y=,0RQredcwBJOXec5OpOe+Ld8Ir5I=
-8,1,Znu4gmPz00kQUClZJGvB2iFAw4Y=,0RQredcwBJOXec5OpOe+Ld8Ir5I=
-9,1,Znu4gmPz00kQUClZJGvB2iFAw4Y=,0RQredcwBJOXec5OpOe+Ld8Ir5I=
-11,1,Znu4gmPz00kQUClZJGvB2iFAw4Y=,0RQredcwBJOXec5OpOe+Ld8Ir5I=
-11,2,Znu4gmPz00kQUClZJGvB2iFAw4Y=,0RQredcwBJOXec5OpOe+Ld8Ir5I=
-10,1,Znu4gmPz00kQUClZJGvB2iFAw4Y=,0RQredcwBJOXec5OpOe+Ld8Ir5I=
-10,2,Znu4gmPz00kQUClZJGvB2iFAw4Y=,0RQredcwBJOXec5OpOe+Ld8Ir5I=
-12,2,Znu4gmPz00kQUClZJGvB2iFAw4Y=,0RQredcwBJOXec5OpOe+Ld8Ir5I=
-11,0,Znu4gmPz00kQUClZJGvB2iFAw4Y=,0RQredcwBJOXec5OpOe+Ld8Ir5I=
-10,0,Znu4gmPz00kQUClZJGvB2iFAw4Y=,0RQredcwBJOXec5OpOe+Ld8Ir5I=
-8,0,Znu4gmPz00kQUClZJGvB2iFAw4Y=,0RQredcwBJOXec5OpOe+Ld8Ir5I=
-9,0,Znu4gmPz00kQUClZJGvB2iFAw4Y=,0RQredcwBJOXec5OpOe+Ld8Ir5I=
-12,1,Znu4gmPz00kQUClZJGvB2iFAw4Y=,0RQredcwBJOXec5OpOe+Ld8Ir5I=
-7,0,Znu4gmPz00kQUClZJGvB2iFAw4Y=,0RQredcwBJOXec5OpOe+Ld8Ir5I=
-16,4,Znu4gmPz00kQUClZJGvB2iFAw4Y=,0RQredcwBJOXec5OpOe+Ld8Ir5I=
-13,0,Znu4gmPz00kQUClZJGvB2iFAw4Y=,0RQredcwBJOXec5OpOe+Ld8Ir5I=
-6,0,Znu4gmPz00kQUClZJGvB2iFAw4Y=,0RQredcwBJOXec5OpOe+Ld8Ir5I=
-16,3,Znu4gmPz00kQUClZJGvB2iFAw4Y=,0RQredcwBJOXec5OpOe+Ld8Ir5I=
-12,0,Znu4gmPz00kQUClZJGvB2iFAw4Y=,0RQredcwBJOXec5OpOe+Ld8Ir5I=
-13,1,Znu4gmPz00kQUClZJGvB2iFAw4Y=,0RQredcwBJOXec5OpOe+Ld8Ir5I=
-14,4,Znu4gmPz00kQUClZJGvB2iFAw4Y=,0RQredcwBJOXec5OpOe+Ld8Ir5I=
-5,0,Znu4gmPz00kQUClZJGvB2iFAw4Y=,0RQredcwBJOXec5OpOe+Ld8Ir5I=
-14,3,Znu4gmPz00kQUClZJGvB2iFAw4Y=,0RQredcwBJOXec5OpOe+Ld8Ir5I=
-2,0,Ytkmxu3Gb0w6P+ebGxc7dv32MBs=,FJNaBiNK3Yd+BHWfLBPk/7o1CxQ=
-15,4,Znu4gmPz00kQUClZJGvB2iFAw4Y=,0RQredcwBJOXec5OpOe+Ld8Ir5I=
-13,2,Znu4gmPz00kQUClZJGvB2iFAw4Y=,0RQredcwBJOXec5OpOe+Ld8Ir5I=
-1,11,Znu4gmPz00kQUClZJGvB2iFAw4Y=,1lbh+efL5rD4jWXRqvQppK3SllM=
-15,5,Znu4gmPz00kQUClZJGvB2iFAw4Y=,0RQredcwBJOXec5OpOe+Ld8Ir5I=
-14,5,Znu4gmPz00kQUClZJGvB2iFAw4Y=,0RQredcwBJOXec5OpOe+Ld8Ir5I=
-3,0,Ytkmxu3Gb0w6P+ebGxc7dv32MBs=,mRIGqA7nspwIGAHlyyEiumq9jo4=
-15,3,Znu4gmPz00kQUClZJGvB2iFAw4Y=,0RQredcwBJOXec5OpOe+Ld8Ir5I=
-4,0,Ytkmxu3Gb0w6P+ebGxc7dv32MBs=,mRIGqA7nspwIGAHlyyEiumq9jo4=
-8,5,Znu4gmPz00kQUClZJGvB2iFAw4Y=,sKXIxYBeKeU2ZSmL1n+UzWXqWII=
-1,6,Znu4gmPz00kQUClZJGvB2iFAw4Y=,Kh/suTLjyzfBFrAhp3M4T8YnxGU=
-9,5,Znu4gmPz00kQUClZJGvB2iFAw4Y=,Fs7/I8G6gczcSziUNza5emGwm38=
-5,6,Znu4gmPz00kQUClZJGvB2iFAw4Y=,UqmE3Zeixo2ZLD0kIqzn9KpHxaM=
-1,2,Ytkmxu3Gb0w6P+ebGxc7dv32MBs=,JecIOzWS+IYowYhZRZ4Bgt0pxrs=
-6,6,Znu4gmPz00kQUClZJGvB2iFAw4Y=,UqmE3Zeixo2ZLD0kIqzn9KpHxaM=
-4,7,Znu4gmPz00kQUClZJGvB2iFAw4Y=,ktQFp2MvIKrliRjKUkokV5BYxKY=
-5,7,Znu4gmPz00kQUClZJGvB2iFAw4Y=,UqmE3Zeixo2ZLD0kIqzn9KpHxaM=
-6,7,Znu4gmPz00kQUClZJGvB2iFAw4Y=,UqmE3Zeixo2ZLD0kIqzn9KpHxaM=
-5,5,Znu4gmPz00kQUClZJGvB2iFAw4Y=,bQO6IKM3u6XyFVIBagt13I0/dno=
-2,11,Znu4gmPz00kQUClZJGvB2iFAw4Y=,1lbh+efL5rD4jWXRqvQppK3SllM=
-16,5,Znu4gmPz00kQUClZJGvB2iFAw4Y=,0RQredcwBJOXec5OpOe+Ld8Ir5I=
-1,3,Ytkmxu3Gb0w6P+ebGxc7dv32MBs=,JecIOzWS+IYowYhZRZ4Bgt0pxrs=
-6,5,Znu4gmPz00kQUClZJGvB2iFAw4Y=,bQO6IKM3u6XyFVIBagt13I0/dno=
-7,5,Znu4gmPz00kQUClZJGvB2iFAw4Y=,sKXIxYBeKeU2ZSmL1n+UzWXqWII=
-2,7,Znu4gmPz00kQUClZJGvB2iFAw4Y=,Kh/suTLjyzfBFrAhp3M4T8YnxGU=
-2,8,Znu4gmPz00kQUClZJGvB2iFAw4Y=,Q7CxbWtUQYb+JsA+504bkjcXKac=
-2,10,Znu4gmPz00kQUClZJGvB2iFAw4Y=,1lbh+efL5rD4jWXRqvQppK3SllM=
-2,9,Znu4gmPz00kQUClZJGvB2iFAw4Y=,Q7CxbWtUQYb+JsA+504bkjcXKac=
-1,8,Znu4gmPz00kQUClZJGvB2iFAw4Y=,Q7CxbWtUQYb+JsA+504bkjcXKac=
-1,10,Znu4gmPz00kQUClZJGvB2iFAw4Y=,1lbh+efL5rD4jWXRqvQppK3SllM=
-1,9,Znu4gmPz00kQUClZJGvB2iFAw4Y=,Q7CxbWtUQYb+JsA+504bkjcXKac=
-1,4,Ytkmxu3Gb0w6P+ebGxc7dv32MBs=,OEhhwgdB9fp+Fndk5PEzw1WfUi4=
-4,6,Znu4gmPz00kQUClZJGvB2iFAw4Y=,ktQFp2MvIKrliRjKUkokV5BYxKY=
-3,7,Znu4gmPz00kQUClZJGvB2iFAw4Y=,ktQFp2MvIKrliRjKUkokV5BYxKY=
-1,5,Ytkmxu3Gb0w6P+ebGxc7dv32MBs=,OEhhwgdB9fp+Fndk5PEzw1WfUi4=
-1,1,Ytkmxu3Gb0w6P+ebGxc7dv32MBs=,FJNaBiNK3Yd+BHWfLBPk/7o1CxQ=
-4,5,Znu4gmPz00kQUClZJGvB2iFAw4Y=,YD+2U9n1U99vIulsVNFsEXLcUOQ=
-1,7,Znu4gmPz00kQUClZJGvB2iFAw4Y=,Kh/suTLjyzfBFrAhp3M4T8YnxGU=
-10,4,Znu4gmPz00kQUClZJGvB2iFAw4Y=,Fs7/I8G6gczcSziUNza5emGwm38=
-10,5,Znu4gmPz00kQUClZJGvB2iFAw4Y=,Fs7/I8G6gczcSziUNza5emGwm38=
-1,0,Ytkmxu3Gb0w6P+ebGxc7dv32MBs=,FJNaBiNK3Yd+BHWfLBPk/7o1CxQ=
-11,5,Znu4gmPz00kQUClZJGvB2iFAw4Y=,0RQredcwBJOXec5OpOe+Ld8Ir5I=
-12,5,Znu4gmPz00kQUClZJGvB2iFAw4Y=,0RQredcwBJOXec5OpOe+Ld8Ir5I=
-13,5,Znu4gmPz00kQUClZJGvB2iFAw4Y=,0RQredcwBJOXec5OpOe+Ld8Ir5I=
-11,4,Znu4gmPz00kQUClZJGvB2iFAw4Y=,0RQredcwBJOXec5OpOe+Ld8Ir5I=
-10,3,Znu4gmPz00kQUClZJGvB2iFAw4Y=,0RQredcwBJOXec5OpOe+Ld8Ir5I=
-13,4,Znu4gmPz00kQUClZJGvB2iFAw4Y=,0RQredcwBJOXec5OpOe+Ld8Ir5I=
-14,2,Znu4gmPz00kQUClZJGvB2iFAw4Y=,0RQredcwBJOXec5OpOe+Ld8Ir5I=
-16,2,Znu4gmPz00kQUClZJGvB2iFAw4Y=,0RQredcwBJOXec5OpOe+Ld8Ir5I=
-11,3,Znu4gmPz00kQUClZJGvB2iFAw4Y=,0RQredcwBJOXec5OpOe+Ld8Ir5I=
-14,0,Znu4gmPz00kQUClZJGvB2iFAw4Y=,0RQredcwBJOXec5OpOe+Ld8Ir5I=
-12,3,Znu4gmPz00kQUClZJGvB2iFAw4Y=,0RQredcwBJOXec5OpOe+Ld8Ir5I=
-12,4,Znu4gmPz00kQUClZJGvB2iFAw4Y=,0RQredcwBJOXec5OpOe+Ld8Ir5I=
-16,1,Znu4gmPz00kQUClZJGvB2iFAw4Y=,0RQredcwBJOXec5OpOe+Ld8Ir5I=
-15,2,Znu4gmPz00kQUClZJGvB2iFAw4Y=,0RQredcwBJOXec5OpOe+Ld8Ir5I=
-14,1,Znu4gmPz00kQUClZJGvB2iFAw4Y=,0RQredcwBJOXec5OpOe+Ld8Ir5I=
-16,0,Znu4gmPz00kQUClZJGvB2iFAw4Y=,0RQredcwBJOXec5OpOe+Ld8Ir5I=
-15,0,Znu4gmPz00kQUClZJGvB2iFAw4Y=,0RQredcwBJOXec5OpOe+Ld8Ir5I=
-15,1,Znu4gmPz00kQUClZJGvB2iFAw4Y=,0RQredcwBJOXec5OpOe+Ld8Ir5I=
-13,3,Znu4gmPz00kQUClZJGvB2iFAw4Y=,0RQredcwBJOXec5OpOe+Ld8Ir5I=
