1,1,7HnHRiMNRv/lNewoghETKraX7+A=,ILQFn8WEnFhm21tv0QORStZGdYM=
2,1,7HnHRiMNRv/lNewoghETKraX7+A=,YD+2U9n1U99vIulsVNFsEXLcUOQ=
1,2,7HnHRiMNRv/lNewoghETKraX7+A=,ILQFn8WEnFhm21tv0QORStZGdYM=
2,2,7HnHRiMNRv/lNewoghETKraX7+A=,xgdnT18N4XswXgE2IusgjEDqTQU=
1,4,7HnHRiMNRv/lNewoghETKraX7+A=,OfWGem0RFRTGDgy16tfe68EY8s0=
2,4,7HnHRiMNRv/lNewoghETKraX7+A=,xgdnT18N4XswXgE2IusgjEDqTQU=
2,3,7HnHRiMNRv/lNewoghETKraX7+A=,xgdnT18N4XswXgE2IusgjEDqTQU=
1,3,7HnHRiMNRv/lNewoghETKraX7+A=,ILQFn8WEnFhm21tv0QORStZGdYM=
2,5,7HnHRiMNRv/lNewoghETKraX7+A=,xgdnT18N4XswXgE2IusgjEDqTQU=
1,5,7HnHRiMNRv/lNewoghETKraX7+A=,OfWGem0RFRTGDgy16tfe68EY8s0=
2,6,7HnHRiMNRv/lNewoghETKraX7+A=,7I1inWq7mCYD9LMKFkcPya69gXo=
1,6,7HnHRiMNRv/lNewoghETKraX7+A=,Kh/suTLjyzfBFrAhp3M4T8YnxGU=
4,3,7HnHRiMNRv/lNewoghETKraX7+A=,YD+2U9n1U99vIulsVNFsEXLcUOQ=
4,4,7HnHRiMNRv/lNewoghETKraX7+A=,YD+2U9n1U99vIulsVNFsEXLcUOQ=
3,3,7HnHRiMNRv/lNewoghETKraX7+A=,xgdnT18N4XswXgE2IusgjEDqTQU=
3,4,7HnHRiMNRv/lNewoghETKraX7+A=,xgdnT18N4XswXgE2IusgjEDqTQU=
4,2,7HnHRiMNRv/lNewoghETKraX7+A=,YD+2U9n1U99vIulsVNFsEXLcUOQ=
3,2,7HnHRiMNRv/lNewoghETKraX7+A=,xgdnT18N4XswXgE2IusgjEDqTQU=
4,1,7HnHRiMNRv/lNewoghETKraX7+A=,YD+2U9n1U99vIulsVNFsEXLcUOQ=
3,1,7HnHRiMNRv/lNewoghETKraX7+A=,YD+2U9n1U99vIulsVNFsEXLcUOQ=
5,4,7HnHRiMNRv/lNewoghETKraX7+A=,YD+2U9n1U99vIulsVNFsEXLcUOQ=
6,4,7HnHRiMNRv/lNewoghETKraX7+A=,YD+2U9n1U99vIulsVNFsEXLcUOQ=
6,3,7HnHRiMNRv/lNewoghETKraX7+A=,YD+2U9n1U99vIulsVNFsEXLcUOQ=
5,3,7HnHRiMNRv/lNewoghETKraX7+A=,YD+2U9n1U99vIulsVNFsEXLcUOQ=
6,1,7HnHRiMNRv/lNewoghETKraX7+A=,YD+2U9n1U99vIulsVNFsEXLcUOQ=
5,1,7HnHRiMNRv/lNewoghETKraX7+A=,YD+2U9n1U99vIulsVNFsEXLcUOQ=
6,2,7HnHRiMNRv/lNewoghETKraX7+A=,YD+2U9n1U99vIulsVNFsEXLcUOQ=
5,2,7HnHRiMNRv/lNewoghETKraX7+A=,YD+2U9n1U99vIulsVNFsEXLcUOQ=
8,4,7HnHRiMNRv/lNewoghETKraX7+A=,YD+2U9n1U99vIulsVNFsEXLcUOQ=
7,4,7HnHRiMNRv/lNewoghETKraX7+A=,YD+2U9n1U99vIulsVNFsEXLcUOQ=
8,3,7HnHRiMNRv/lNewoghETKraX7+A=,YD+2U9n1U99vIulsVNFsEXLcUOQ=
7,2,7HnHRiMNRv/lNewoghETKraX7+A=,YD+2U9n1U99vIulsVNFsEXLcUOQ=
7,3,7HnHRiMNRv/lNewoghETKraX7+A=,YD+2U9n1U99vIulsVNFsEXLcUOQ=
8,1,7HnHRiMNRv/lNewoghETKraX7+A=,YD+2U9n1U99vIulsVNFsEXLcUOQ=
7,1,7HnHRiMNRv/lNewoghETKraX7+A=,YD+2U9n1U99vIulsVNFsEXLcUOQ=
8,2,7HnHRiMNRv/lNewoghETKraX7+A=,YD+2U9n1U99vIulsVNFsEXLcUOQ=
10,4,ff2Szfyg6m6/ZWNWbMDemCA15SU=,YD+2U9n1U99vIulsVNFsEXLcUOQ=
9,4,ff2Szfyg6m6/ZWNWbMDemCA15SU=,YD+2U9n1U99vIulsVNFsEXLcUOQ=
10,3,ff2Szfyg6m6/ZWNWbMDemCA15SU=,YD+2U9n1U99vIulsVNFsEXLcUOQ=
9,3,ff2Szfyg6m6/ZWNWbMDemCA15SU=,YD+2U9n1U99vIulsVNFsEXLcUOQ=
10,1,ff2Szfyg6m6/ZWNWbMDemCA15SU=,YD+2U9n1U99vIulsVNFsEXLcUOQ=
10,2,ff2Szfyg6m6/ZWNWbMDemCA15SU=,YD+2U9n1U99vIulsVNFsEXLcUOQ=
9,1,ff2Szfyg6m6/ZWNWbMDemCA15SU=,YD+2U9n1U99vIulsVNFsEXLcUOQ=
9,2,ff2Szfyg6m6/ZWNWbMDemCA15SU=,YD+2U9n1U99vIulsVNFsEXLcUOQ=
11,4,ff2Szfyg6m6/ZWNWbMDemCA15SU=,YD+2U9n1U99vIulsVNFsEXLcUOQ=
12,4,ff2Szfyg6m6/ZWNWbMDemCA15SU=,YD+2U9n1U99vIulsVNFsEXLcUOQ=
12,3,ff2Szfyg6m6/ZWNWbMDemCA15SU=,YD+2U9n1U99vIulsVNFsEXLcUOQ=
11,3,ff2Szfyg6m6/ZWNWbMDemCA15SU=,YD+2U9n1U99vIulsVNFsEXLcUOQ=
10,0,ff2Szfyg6m6/ZWNWbMDemCA15SU=,YD+2U9n1U99vIulsVNFsEXLcUOQ=
9,0,ff2Szfyg6m6/ZWNWbMDemCA15SU=,YD+2U9n1U99vIulsVNFsEXLcUOQ=
11,0,ff2Szfyg6m6/ZWNWbMDemCA15SU=,YD+2U9n1U99vIulsVNFsEXLcUOQ=
12,0,ff2Szfyg6m6/ZWNWbMDemCA15SU=,YD+2U9n1U99vIulsVNFsEXLcUOQ=
11,1,ff2Szfyg6m6/ZWNWbMDemCA15SU=,YD+2U9n1U99vIulsVNFsEXLcUOQ=
12,1,ff2Szfyg6m6/ZWNWbMDemCA15SU=,YD+2U9n1U99vIulsVNFsEXLcUOQ=
11,2,ff2Szfyg6m6/ZWNWbMDemCA15SU=,YD+2U9n1U99vIulsVNFsEXLcUOQ=
12,2,ff2Szfyg6m6/ZWNWbMDemCA15SU=,YD+2U9n1U99vIulsVNFsEXLcUOQ=
0,0,ff2Szfyg6m6/ZWNWbMDemCA15SU=,ILQFn8WEnFhm21tv0QORStZGdYM=
0,6,ff2Szfyg6m6/ZWNWbMDemCA15SU=,Kh/suTLjyzfBFrAhp3M4T8YnxGU=
0,5,ff2Szfyg6m6/ZWNWbMDemCA15SU=,OfWGem0RFRTGDgy16tfe68EY8s0=
0,4,ff2Szfyg6m6/ZWNWbMDemCA15SU=,OfWGem0RFRTGDgy16tfe68EY8s0=
0,2,ff2Szfyg6m6/ZWNWbMDemCA15SU=,ILQFn8WEnFhm21tv0QORStZGdYM=
0,1,ff2Szfyg6m6/ZWNWbMDemCA15SU=,ILQFn8WEnFhm21tv0QORStZGdYM=
0,3,ff2Szfyg6m6/ZWNWbMDemCA15SU=,ILQFn8WEnFhm21tv0QORStZGdYM=
13,4,ff2Szfyg6m6/ZWNWbMDemCA15SU=,YD+2U9n1U99vIulsVNFsEXLcUOQ=
15,3,ff2Szfyg6m6/ZWNWbMDemCA15SU=,YD+2U9n1U99vIulsVNFsEXLcUOQ=
14,4,ff2Szfyg6m6/ZWNWbMDemCA15SU=,YD+2U9n1U99vIulsVNFsEXLcUOQ=
15,4,ff2Szfyg6m6/ZWNWbMDemCA15SU=,YD+2U9n1U99vIulsVNFsEXLcUOQ=
14,3,ff2Szfyg6m6/ZWNWbMDemCA15SU=,YD+2U9n1U99vIulsVNFsEXLcUOQ=
13,3,ff2Szfyg6m6/ZWNWbMDemCA15SU=,YD+2U9n1U99vIulsVNFsEXLcUOQ=
4,5,ff2Szfyg6m6/ZWNWbMDemCA15SU=,YD+2U9n1U99vIulsVNFsEXLcUOQ=
3,5,ff2Szfyg6m6/ZWNWbMDemCA15SU=,xgdnT18N4XswXgE2IusgjEDqTQU=
3,6,ff2Szfyg6m6/ZWNWbMDemCA15SU=,7I1inWq7mCYD9LMKFkcPya69gXo=
15,1,ff2Szfyg6m6/ZWNWbMDemCA15SU=,YD+2U9n1U99vIulsVNFsEXLcUOQ=
2,0,ff2Szfyg6m6/ZWNWbMDemCA15SU=,YD+2U9n1U99vIulsVNFsEXLcUOQ=
8,0,ff2Szfyg6m6/ZWNWbMDemCA15SU=,YD+2U9n1U99vIulsVNFsEXLcUOQ=
1,0,ff2Szfyg6m6/ZWNWbMDemCA15SU=,ILQFn8WEnFhm21tv0QORStZGdYM=
13,0,ff2Szfyg6m6/ZWNWbMDemCA15SU=,YD+2U9n1U99vIulsVNFsEXLcUOQ=
0,11,ff2Szfyg6m6/ZWNWbMDemCA15SU=,1lbh+efL5rD4jWXRqvQppK3SllM=
4,0,ff2Szfyg6m6/ZWNWbMDemCA15SU=,YD+2U9n1U99vIulsVNFsEXLcUOQ=
2,11,ff2Szfyg6m6/ZWNWbMDemCA15SU=,1lbh+efL5rD4jWXRqvQppK3SllM=
1,11,ff2Szfyg6m6/ZWNWbMDemCA15SU=,1lbh+efL5rD4jWXRqvQppK3SllM=
3,11,ff2Szfyg6m6/ZWNWbMDemCA15SU=,1lbh+efL5rD4jWXRqvQppK3SllM=
15,2,ff2Szfyg6m6/ZWNWbMDemCA15SU=,YD+2U9n1U99vIulsVNFsEXLcUOQ=
3,0,ff2Szfyg6m6/ZWNWbMDemCA15SU=,YD+2U9n1U99vIulsVNFsEXLcUOQ=
8,5,ff2Szfyg6m6/ZWNWbMDemCA15SU=,YD+2U9n1U99vIulsVNFsEXLcUOQ=
7,5,ff2Szfyg6m6/ZWNWbMDemCA15SU=,YD+2U9n1U99vIulsVNFsEXLcUOQ=
9,5,ff2Szfyg6m6/ZWNWbMDemCA15SU=,YD+2U9n1U99vIulsVNFsEXLcUOQ=
10,5,ff2Szfyg6m6/ZWNWbMDemCA15SU=,YD+2U9n1U99vIulsVNFsEXLcUOQ=
14,5,ff2Szfyg6m6/ZWNWbMDemCA15SU=,YD+2U9n1U99vIulsVNFsEXLcUOQ=
13,5,ff2Szfyg6m6/ZWNWbMDemCA15SU=,YD+2U9n1U99vIulsVNFsEXLcUOQ=
12,5,ff2Szfyg6m6/ZWNWbMDemCA15SU=,YD+2U9n1U99vIulsVNFsEXLcUOQ=
11,5,ff2Szfyg6m6/ZWNWbMDemCA15SU=,YD+2U9n1U99vIulsVNFsEXLcUOQ=
15,5,ff2Szfyg6m6/ZWNWbMDemCA15SU=,YD+2U9n1U99vIulsVNFsEXLcUOQ=
6,5,ff2Szfyg6m6/ZWNWbMDemCA15SU=,YD+2U9n1U99vIulsVNFsEXLcUOQ=
14,2,ff2Szfyg6m6/ZWNWbMDemCA15SU=,YD+2U9n1U99vIulsVNFsEXLcUOQ=
13,1,ff2Szfyg6m6/ZWNWbMDemCA15SU=,YD+2U9n1U99vIulsVNFsEXLcUOQ=
14,0,ff2Szfyg6m6/ZWNWbMDemCA15SU=,YD+2U9n1U99vIulsVNFsEXLcUOQ=
5,5,ff2Szfyg6m6/ZWNWbMDemCA15SU=,YD+2U9n1U99vIulsVNFsEXLcUOQ=
3,9,ff2Szfyg6m6/ZWNWbMDemCA15SU=,Q7CxbWtUQYb+JsA+504bkjcXKac=
7,0,ff2Szfyg6m6/ZWNWbMDemCA15SU=,YD+2U9n1U99vIulsVNFsEXLcUOQ=
3,10,ff2Szfyg6m6/ZWNWbMDemCA15SU=,1lbh+efL5rD4jWXRqvQppK3SllM=
3,8,ff2Szfyg6m6/ZWNWbMDemCA15SU=,Q7CxbWtUQYb+JsA+504bkjcXKac=
3,7,ff2Szfyg6m6/ZWNWbMDemCA15SU=,7I1inWq7mCYD9LMKFkcPya69gXo=
15,0,ff2Szfyg6m6/ZWNWbMDemCA15SU=,YD+2U9n1U99vIulsVNFsEXLcUOQ=
13,2,ff2Szfyg6m6/ZWNWbMDemCA15SU=,YD+2U9n1U99vIulsVNFsEXLcUOQ=
6,0,ff2Szfyg6m6/ZWNWbMDemCA15SU=,YD+2U9n1U99vIulsVNFsEXLcUOQ=
14,1,ff2Szfyg6m6/ZWNWbMDemCA15SU=,YD+2U9n1U99vIulsVNFsEXLcUOQ=
0,10,ff2Szfyg6m6/ZWNWbMDemCA15SU=,1lbh+efL5rD4jWXRqvQppK3SllM=
1,10,ff2Szfyg6m6/ZWNWbMDemCA15SU=,1lbh+efL5rD4jWXRqvQppK3SllM=
2,10,ff2Szfyg6m6/ZWNWbMDemCA15SU=,1lbh+efL5rD4jWXRqvQppK3SllM=
5,0,ff2Szfyg6m6/ZWNWbMDemCA15SU=,YD+2U9n1U99vIulsVNFsEXLcUOQ=
2,9,ff2Szfyg6m6/ZWNWbMDemCA15SU=,Q7CxbWtUQYb+JsA+504bkjcXKac=
0,9,ff2Szfyg6m6/ZWNWbMDemCA15SU=,Q7CxbWtUQYb+JsA+504bkjcXKac=
1,7,ff2Szfyg6m6/ZWNWbMDemCA15SU=,Kh/suTLjyzfBFrAhp3M4T8YnxGU=
0,7,ff2Szfyg6m6/ZWNWbMDemCA15SU=,Kh/suTLjyzfBFrAhp3M4T8YnxGU=
2,7,ff2Szfyg6m6/ZWNWbMDemCA15SU=,7I1inWq7mCYD9LMKFkcPya69gXo=
1,8,ff2Szfyg6m6/ZWNWbMDemCA15SU=,Q7CxbWtUQYb+JsA+504bkjcXKac=
1,9,ff2Szfyg6m6/ZWNWbMDemCA15SU=,Q7CxbWtUQYb+JsA+504bkjcXKac=
0,8,ff2Szfyg6m6/ZWNWbMDemCA15SU=,Q7CxbWtUQYb+JsA+504bkjcXKac=
2,8,ff2Szfyg6m6/ZWNWbMDemCA15SU=,Q7CxbWtUQYb+JsA+504bkjcXKac=
21,2,VjugEAsLimMpiLW4LEC+LC1aeiI=,YD+2U9n1U99vIulsVNFsEXLcUOQ=
21,1,VjugEAsLimMpiLW4LEC+LC1aeiI=,YD+2U9n1U99vIulsVNFsEXLcUOQ=
22,1,VjugEAsLimMpiLW4LEC+LC1aeiI=,YD+2U9n1U99vIulsVNFsEXLcUOQ=
22,2,VjugEAsLimMpiLW4LEC+LC1aeiI=,YD+2U9n1U99vIulsVNFsEXLcUOQ=
17,4,dY75bAmD/V9XIBOR43z/YAxqzuU=,YD+2U9n1U99vIulsVNFsEXLcUOQ=
18,4,dY75bAmD/V9XIBOR43z/YAxqzuU=,YD+2U9n1U99vIulsVNFsEXLcUOQ=
20,1,dY75bAmD/V9XIBOR43z/YAxqzuU=,YD+2U9n1U99vIulsVNFsEXLcUOQ=
20,2,dY75bAmD/V9XIBOR43z/YAxqzuU=,YD+2U9n1U99vIulsVNFsEXLcUOQ=
20,4,dY75bAmD/V9XIBOR43z/YAxqzuU=,YD+2U9n1U99vIulsVNFsEXLcUOQ=
22,4,dY75bAmD/V9XIBOR43z/YAxqzuU=,YD+2U9n1U99vIulsVNFsEXLcUOQ=
21,4,dY75bAmD/V9XIBOR43z/YAxqzuU=,YD+2U9n1U99vIulsVNFsEXLcUOQ=
19,1,dY75bAmD/V9XIBOR43z/YAxqzuU=,YD+2U9n1U99vIulsVNFsEXLcUOQ=
19,4,dY75bAmD/V9XIBOR43z/YAxqzuU=,YD+2U9n1U99vIulsVNFsEXLcUOQ=
21,3,dY75bAmD/V9XIBOR43z/YAxqzuU=,YD+2U9n1U99vIulsVNFsEXLcUOQ=
17,3,dY75bAmD/V9XIBOR43z/YAxqzuU=,YD+2U9n1U99vIulsVNFsEXLcUOQ=
18,1,dY75bAmD/V9XIBOR43z/YAxqzuU=,YD+2U9n1U99vIulsVNFsEXLcUOQ=
18,2,dY75bAmD/V9XIBOR43z/YAxqzuU=,YD+2U9n1U99vIulsVNFsEXLcUOQ=
18,3,dY75bAmD/V9XIBOR43z/YAxqzuU=,YD+2U9n1U99vIulsVNFsEXLcUOQ=
20,3,dY75bAmD/V9XIBOR43z/YAxqzuU=,YD+2U9n1U99vIulsVNFsEXLcUOQ=
17,2,dY75bAmD/V9XIBOR43z/YAxqzuU=,YD+2U9n1U99vIulsVNFsEXLcUOQ=
17,1,dY75bAmD/V9XIBOR43z/YAxqzuU=,YD+2U9n1U99vIulsVNFsEXLcUOQ=
19,2,dY75bAmD/V9XIBOR43z/YAxqzuU=,YD+2U9n1U99vIulsVNFsEXLcUOQ=
19,3,dY75bAmD/V9XIBOR43z/YAxqzuU=,YD+2U9n1U99vIulsVNFsEXLcUOQ=
22,3,dY75bAmD/V9XIBOR43z/YAxqzuU=,YD+2U9n1U99vIulsVNFsEXLcUOQ=
23,4,dY75bAmD/V9XIBOR43z/YAxqzuU=,YD+2U9n1U99vIulsVNFsEXLcUOQ=
24,4,dY75bAmD/V9XIBOR43z/YAxqzuU=,YD+2U9n1U99vIulsVNFsEXLcUOQ=
26,4,dY75bAmD/V9XIBOR43z/YAxqzuU=,YD+2U9n1U99vIulsVNFsEXLcUOQ=
25,4,dY75bAmD/V9XIBOR43z/YAxqzuU=,YD+2U9n1U99vIulsVNFsEXLcUOQ=
26,3,dY75bAmD/V9XIBOR43z/YAxqzuU=,YD+2U9n1U99vIulsVNFsEXLcUOQ=
23,3,dY75bAmD/V9XIBOR43z/YAxqzuU=,YD+2U9n1U99vIulsVNFsEXLcUOQ=
25,3,dY75bAmD/V9XIBOR43z/YAxqzuU=,YD+2U9n1U99vIulsVNFsEXLcUOQ=
24,3,dY75bAmD/V9XIBOR43z/YAxqzuU=,YD+2U9n1U99vIulsVNFsEXLcUOQ=
26,2,dY75bAmD/V9XIBOR43z/YAxqzuU=,YD+2U9n1U99vIulsVNFsEXLcUOQ=
25,2,dY75bAmD/V9XIBOR43z/YAxqzuU=,YD+2U9n1U99vIulsVNFsEXLcUOQ=
26,1,dY75bAmD/V9XIBOR43z/YAxqzuU=,YD+2U9n1U99vIulsVNFsEXLcUOQ=
24,2,dY75bAmD/V9XIBOR43z/YAxqzuU=,YD+2U9n1U99vIulsVNFsEXLcUOQ=
25,1,dY75bAmD/V9XIBOR43z/YAxqzuU=,YD+2U9n1U99vIulsVNFsEXLcUOQ=
23,1,dY75bAmD/V9XIBOR43z/YAxqzuU=,YD+2U9n1U99vIulsVNFsEXLcUOQ=
24,1,dY75bAmD/V9XIBOR43z/YAxqzuU=,YD+2U9n1U99vIulsVNFsEXLcUOQ=
23,2,dY75bAmD/V9XIBOR43z/YAxqzuU=,YD+2U9n1U99vIulsVNFsEXLcUOQ=
27,4,dY75bAmD/V9XIBOR43z/YAxqzuU=,YD+2U9n1U99vIulsVNFsEXLcUOQ=
28,3,dY75bAmD/V9XIBOR43z/YAxqzuU=,YD+2U9n1U99vIulsVNFsEXLcUOQ=
27,3,dY75bAmD/V9XIBOR43z/YAxqzuU=,YD+2U9n1U99vIulsVNFsEXLcUOQ=
30,3,dY75bAmD/V9XIBOR43z/YAxqzuU=,YD+2U9n1U99vIulsVNFsEXLcUOQ=
29,3,dY75bAmD/V9XIBOR43z/YAxqzuU=,YD+2U9n1U99vIulsVNFsEXLcUOQ=
20,0,dY75bAmD/V9XIBOR43z/YAxqzuU=,YD+2U9n1U99vIulsVNFsEXLcUOQ=
18,0,+/wTwp4ekIl5zFLLGky8STVNGgQ=,YD+2U9n1U99vIulsVNFsEXLcUOQ=
22,5,+/wTwp4ekIl5zFLLGky8STVNGgQ=,YD+2U9n1U99vIulsVNFsEXLcUOQ=
21,5,+/wTwp4ekIl5zFLLGky8STVNGgQ=,YD+2U9n1U99vIulsVNFsEXLcUOQ=
23,5,+/wTwp4ekIl5zFLLGky8STVNGgQ=,YD+2U9n1U99vIulsVNFsEXLcUOQ=
24,5,+/wTwp4ekIl5zFLLGky8STVNGgQ=,YD+2U9n1U99vIulsVNFsEXLcUOQ=
17,5,+/wTwp4ekIl5zFLLGky8STVNGgQ=,YD+2U9n1U99vIulsVNFsEXLcUOQ=
18,5,+/wTwp4ekIl5zFLLGky8STVNGgQ=,YD+2U9n1U99vIulsVNFsEXLcUOQ=
20,5,+/wTwp4ekIl5zFLLGky8STVNGgQ=,YD+2U9n1U99vIulsVNFsEXLcUOQ=
19,5,+/wTwp4ekIl5zFLLGky8STVNGgQ=,YD+2U9n1U99vIulsVNFsEXLcUOQ=
16,4,+/wTwp4ekIl5zFLLGky8STVNGgQ=,YD+2U9n1U99vIulsVNFsEXLcUOQ=
26,5,+/wTwp4ekIl5zFLLGky8STVNGgQ=,YD+2U9n1U99vIulsVNFsEXLcUOQ=
27,5,+/wTwp4ekIl5zFLLGky8STVNGgQ=,YD+2U9n1U99vIulsVNFsEXLcUOQ=
25,5,+/wTwp4ekIl5zFLLGky8STVNGgQ=,YD+2U9n1U99vIulsVNFsEXLcUOQ=
16,5,+/wTwp4ekIl5zFLLGky8STVNGgQ=,YD+2U9n1U99vIulsVNFsEXLcUOQ=
25,0,+/wTwp4ekIl5zFLLGky8STVNGgQ=,YD+2U9n1U99vIulsVNFsEXLcUOQ=
26,0,+/wTwp4ekIl5zFLLGky8STVNGgQ=,YD+2U9n1U99vIulsVNFsEXLcUOQ=
17,0,+/wTwp4ekIl5zFLLGky8STVNGgQ=,YD+2U9n1U99vIulsVNFsEXLcUOQ=
31,3,+/wTwp4ekIl5zFLLGky8STVNGgQ=,YD+2U9n1U99vIulsVNFsEXLcUOQ=
19,0,+/wTwp4ekIl5zFLLGky8STVNGgQ=,YD+2U9n1U99vIulsVNFsEXLcUOQ=
16,3,+/wTwp4ekIl5zFLLGky8STVNGgQ=,YD+2U9n1U99vIulsVNFsEXLcUOQ=
16,0,+/wTwp4ekIl5zFLLGky8STVNGgQ=,YD+2U9n1U99vIulsVNFsEXLcUOQ=
21,0,+/wTwp4ekIl5zFLLGky8STVNGgQ=,YD+2U9n1U99vIulsVNFsEXLcUOQ=
16,2,+/wTwp4ekIl5zFLLGky8STVNGgQ=,YD+2U9n1U99vIulsVNFsEXLcUOQ=
16,1,+/wTwp4ekIl5zFLLGky8STVNGgQ=,YD+2U9n1U99vIulsVNFsEXLcUOQ=
23,0,+/wTwp4ekIl5zFLLGky8STVNGgQ=,YD+2U9n1U99vIulsVNFsEXLcUOQ=
22,0,+/wTwp4ekIl5zFLLGky8STVNGgQ=,YD+2U9n1U99vIulsVNFsEXLcUOQ=
24,0,+/wTwp4ekIl5zFLLGky8STVNGgQ=,YD+2U9n1U99vIulsVNFsEXLcUOQ=
29,1,+/wTwp4ekIl5zFLLGky8STVNGgQ=,YD+2U9n1U99vIulsVNFsEXLcUOQ=
28,2,+/wTwp4ekIl5zFLLGky8STVNGgQ=,YD+2U9n1U99vIulsVNFsEXLcUOQ=
31,0,+/wTwp4ekIl5zFLLGky8STVNGgQ=,YD+2U9n1U99vIulsVNFsEXLcUOQ=
28,0,+/wTwp4ekIl5zFLLGky8STVNGgQ=,YD+2U9n1U99vIulsVNFsEXLcUOQ=
31,1,+/wTwp4ekIl5zFLLGky8STVNGgQ=,YD+2U9n1U99vIulsVNFsEXLcUOQ=
30,1,+/wTwp4ekIl5zFLLGky8STVNGgQ=,YD+2U9n1U99vIulsVNFsEXLcUOQ=
30,0,+/wTwp4ekIl5zFLLGky8STVNGgQ=,YD+2U9n1U99vIulsVNFsEXLcUOQ=
29,0,+/wTwp4ekIl5zFLLGky8STVNGgQ=,YD+2U9n1U99vIulsVNFsEXLcUOQ=
28,1,+/wTwp4ekIl5zFLLGky8STVNGgQ=,YD+2U9n1U99vIulsVNFsEXLcUOQ=
29,2,+/wTwp4ekIl5zFLLGky8STVNGgQ=,YD+2U9n1U99vIulsVNFsEXLcUOQ=
27,2,+/wTwp4ekIl5zFLLGky8STVNGgQ=,YD+2U9n1U99vIulsVNFsEXLcUOQ=
30,2,+/wTwp4ekIl5zFLLGky8STVNGgQ=,YD+2U9n1U99vIulsVNFsEXLcUOQ=
27,1,+/wTwp4ekIl5zFLLGky8STVNGgQ=,YD+2U9n1U99vIulsVNFsEXLcUOQ=
27,0,+/wTwp4ekIl5zFLLGky8STVNGgQ=,YD+2U9n1U99vIulsVNFsEXLcUOQ=
31,2,+/wTwp4ekIl5zFLLGky8STVNGgQ=,YD+2U9n1U99vIulsVNFsEXLcUOQ=
