35,-2,ff2Szfyg6m6/ZWNWbMDemCA15SU=,YD+2U9n1U99vIulsVNFsEXLcUOQ=
36,-1,ff2Szfyg6m6/ZWNWbMDemCA15SU=,YD+2U9n1U99vIulsVNFsEXLcUOQ=
36,-2,ff2Szfyg6m6/ZWNWbMDemCA15SU=,YD+2U9n1U99vIulsVNFsEXLcUOQ=
35,-1,ff2Szfyg6m6/ZWNWbMDemCA15SU=,YD+2U9n1U99vIulsVNFsEXLcUOQ=
34,-1,ff2Szfyg6m6/ZWNWbMDemCA15SU=,YD+2U9n1U99vIulsVNFsEXLcUOQ=
37,-1,ff2Szfyg6m6/ZWNWbMDemCA15SU=,YD+2U9n1U99vIulsVNFsEXLcUOQ=
37,-2,ff2Szfyg6m6/ZWNWbMDemCA15SU=,YD+2U9n1U99vIulsVNFsEXLcUOQ=
34,-2,ff2Szfyg6m6/ZWNWbMDemCA15SU=,YD+2U9n1U99vIulsVNFsEXLcUOQ=
32,-1,ff2Szfyg6m6/ZWNWbMDemCA15SU=,YD+2U9n1U99vIulsVNFsEXLcUOQ=
33,-1,ff2Szfyg6m6/ZWNWbMDemCA15SU=,YD+2U9n1U99vIulsVNFsEXLcUOQ=
32,-2,ff2Szfyg6m6/ZWNWbMDemCA15SU=,YD+2U9n1U99vIulsVNFsEXLcUOQ=
33,-2,ff2Szfyg6m6/ZWNWbMDemCA15SU=,YD+2U9n1U99vIulsVNFsEXLcUOQ=
